keys,ko,en
%d장 중 %d장 발급,%d장 중 %d장 발급,
'짬' 획득 범위 +25%,'짬' 획득 범위 +25%,
'짬' 획득량 +20%,'짬' 획득량 +20%,
20분을 버텨 위병소를 통과했다.,20분을 버텨 위병소를 통과했다.,
2D 라이팅,2D 라이팅,
3점사 관통. 뒤에 있는 놈까지 뚫는다.,3점사 관통. 뒤에 있는 놈까지 뚫는다.,
5발 동시 투척. 시야가 사라지는 건 적 사정이다.,5발 동시 투척. 시야가 사라지는 건 적 사정이다.,
CS가스 구름,CS가스 구름,
D-%d 에서 쓰러졌다.\n\n처치 %d,D-%d 에서 쓰러졌다.\n\n처치 %d,
FPS %5.1f   프레임 %5.2fms   최악 %5.2fms,FPS %5.1f   프레임 %5.2fms   최악 %5.2fms,
K-2식 소총,K-2식 소총,
P X   보  급  품,P X   보  급  품,
P X   상 점,P X   상 점,
t %.1fs (D-%d)   비디오메모리 %.1fMB,t %.1fs (D-%d)   비디오메모리 %.1fMB,
가장 가까운 적에게 알아서 나간다. 영점은 안 맞는다.,가장 가까운 적에게 알아서 나간다. 영점은 안 맞는다.,
가장 가까운 적에게 자동 사격,가장 가까운 적에게 자동 사격,
각목,각목,
건빵,건빵,
건빵 추가 배급,건빵 추가 배급,
검열 통과,검열 통과,
계급장,계급장,
공격 속도가 빠르다. 요령이 붙었다.,공격 속도가 빠르다. 요령이 붙었다.,
공격력 +15%,공격력 +15%,
관물대,관물대,
관물대에 하나 숨겨 둔다. 쓰러져도 한 번 일어난다.,관물대에 하나 숨겨 둔다. 쓰러져도 한 번 일어난다.,
국기하강식,국기하강식,
굴삭기,굴삭기,
귀하는 위 기간 성실히 복무하였기에\n이 증서를 수여함.\n\n처치 %d,귀하는 위 기간 성실히 복무하였기에\n이 증서를 수여함.\n\n처치 %d,
글로우,글로우,
급수차,급수차,
기본 훈련장. 탁 트여 있다.,기본 훈련장. 탁 트여 있다.,
기상나팔,기상나팔,
김이병,김이병,
낙엽,낙엽,
"누적 1,000마리를 치웠다.","누적 1,000마리를 치웠다.",
"누적 10,000마리를 치웠다. 눈은 계속 온다.","누적 10,000마리를 치웠다. 눈은 계속 온다.",
"누적 50,000마리. 이쯤이면 연병장이 집이다.","누적 50,000마리. 이쯤이면 연병장이 집이다.",
"누적 월급 30,000원. 전역하면 뭐 사지.","누적 월급 30,000원. 전역하면 뭐 사지.",
눈덩이,눈덩이,
눈보라,눈보라,
눈보라가 시야를 가린다. 월급이 잘 나온다.,눈보라가 시야를 가린다. 월급이 잘 나온다.,
다연장 발연통,다연장 발연통,
당직사관,당직사관,
대대장 순시,대대장 순시,
대형 이동 장판. 지나간 자리가 전부 물바다.,대형 이동 장판. 지나간 자리가 전부 물바다.,
던지면 터지고 연기가 남는다. 연기도 아프다.,던지면 터지고 연기가 남는다. 연기도 아프다.,
데미지 넘버,데미지 넘버,
돌아가기,돌아가기,
뒤에 흘려 적을 끌어당긴다,뒤에 흘려 적을 끌어당긴다,
뒤에 흘려두면 알아서 몰려든다. 그리고 아파한다.,뒤에 흘려두면 알아서 몰려든다. 그리고 아파한다.,
드로우콜 %d   오브젝트 %d   정점 %d,드로우콜 %d   오브젝트 %d   정점 %d,
떨구지 않고 그 자리에서 바로 회복시킨다.,떨구지 않고 그 자리에서 바로 회복시킨다.,
말년 병장,말년 병장,
말년. 체력은 없고 한 방은 세다.,말년. 체력은 없고 한 방은 세다.,
말년의 여유. 체력이 두껍다.,말년의 여유. 체력이 두껍다.,
매점에서 건빵을 더 받아 둔다. 최대 체력이 오른다.,매점에서 건빵을 더 받아 둔다. 최대 체력이 오른다.,
면회 때 받은 부적. 좋은 명령서가 잘 뜬다.,면회 때 받은 부적. 좋은 명령서가 잘 뜬다.,
모기,모기,
모포,모포,
무기를 5번 진화시켰다.,무기를 5번 진화시켰다.,
무사고 표창,무사고 표창,
무전기,무전기,
무전기를 들고 다닌다. 획득 범위가 넓다.,무전기를 들고 다닌다. 획득 범위가 넓다.,
밑창이 살아 있는 전투화. 발이 가벼워진다.,밑창이 살아 있는 전투화. 발이 가벼워진다.,
박병장,박병장,
반사할 때마다 잠깐 무적. 무거운 만큼 안 뚫린다.,반사할 때마다 잠깐 무적. 무거운 만큼 안 뚫린다.,
반환점,반환점,
받는 피해 -1.2,받는 피해 -1.2,
"받는 피해를 줄이고, 붙은 놈을 밀어낸다.","받는 피해를 줄이고, 붙은 놈을 밀어낸다.",
발  급,발  급,
발밑에 물 장판,발밑에 물 장판,
발밑에 물을 흘린다. 밟은 놈이 알아서 아프다.,발밑에 물을 흘린다. 밟은 놈이 알아서 아프다.,
발이 빠르다. 대신 맷집이 얇다.,발이 빠르다. 대신 맷집이 얇다.,
방어 오라 + 근접 반사,방어 오라 + 근접 반사,
방탄모,방탄모,
방탄복,방탄복,
밸런스형. 아무 특징이 없다는 게 특징.,밸런스형. 아무 특징이 없다는 게 특징.,
밸런스형. 처음부터 함께한다.,밸런스형. 처음부터 함께한다.,
범위 2배. 예초기가 탈것이 됐다.,범위 2배. 예초기가 탈것이 됐다.,
범위가 넓다. 무전기 감도가 좋다.,범위가 넓다. 무전기 감도가 좋다.,
병      력,병      력,
병력 운용 명령서,병력 운용 명령서,
병력 운용 명령서 — 진급 %d회 대기,병력 운용 명령서 — 진급 %d회 대기,
병력 운용 및 전역 관리 시스템,병력 운용 및 전역 관리 시스템,
보상 %s,보상 %s,
보스 20마리. 검열이 무섭지 않다.,보스 20마리. 검열이 무섭지 않다.,
보스를 처음으로 잡았다.,보스를 처음으로 잡았다.,
보유 월급  %s,보유 월급  %s,
보유 월급  %s\n복무 %d회 · 전역 %d회 · 표창 %d장,보유 월급  %s\n복무 %d회 · 전역 %d회 · 표창 %d장,
부대 복귀,부대 복귀,
분대지원화기,분대지원화기,
불침번 유령,불침번 유령,
비네트,비네트,
빠르다. 앉아만 있어서 그런지 잘 뛴다.,빠르다. 앉아만 있어서 그런지 잘 뛴다.,
사단 검열관,사단 검열관,
사이버지식정보방,사이버지식정보방,
삽,삽,
삽날을 갈아 둔다. 모든 피해가 오른다.,삽날을 갈아 둔다. 모든 피해가 오른다.,
색수차,색수차,
선  택,선  택,
선택,선택,
설     정,설     정,
손에 익은 장비,손에 익은 장비,
쇠붙이가 알아서 붙는다. 획득 범위가 넓어진다.,쇠붙이가 알아서 붙는다. 획득 범위가 넓어진다.,
수양록,수양록,
수통,수통,
숫돌,숫돌,
시계,시계,
신병,신병,
신병 수료,신병 수료,
신형 전투화,신형 전투화,
쓰러져도 한 번 일어난다,쓰러져도 한 번 일어난다,
쓰러져도 한 번 일어난다.,쓰러져도 한 번 일어난다.,
알아서 낫는다. 위생병으로 시작한다.,알아서 낫는다. 위생병으로 시작한다.,
앞뒤로 번갈아 휘두른다. 삽질은 원래 왕복이다.,앞뒤로 번갈아 휘두른다. 삽질은 원래 왕복이다.,
야전삽,야전삽,
야전삽 강화,야전삽 강화,
야전삽 숙련,야전삽 숙련,
연막탄,연막탄,
연병장,연병장,
연병장의 주인,연병장의 주인,
열 번 전역했다. 왜인지는 묻지 않는다.,열 번 전역했다. 왜인지는 묻지 않는다.,
예초기,예초기,
완료,완료,
완전군장 행군,완전군장 행군,
완전무장,완전무장,
운전병,운전병,
원,원,
월급  %s,월급  %s,
위생병,위생병,
유격 3주차,유격 3주차,
유격장,유격장,
유격조교,유격조교,
의무병,의무병,
의무후송 헬기,의무후송 헬기,
이동속도 +10%,이동속도 +10%,
일에 익숙해졌다. 공격이 빠르다.,일에 익숙해졌다. 공격이 빠르다.,
자석 깔창,자석 깔창,
자재,자재,
작업 속도를 잰다. 공격 간격이 짧아진다.,작업 속도를 잰다. 공격 간격이 짧아진다.,
잔반을 다룬다. 회복이 붙어 있다.,잔반을 다룬다. 회복이 붙어 있다.,
잔반차,잔반차,
잡초,잡초,
장애물이 많다. 적도 많다.,장애물이 많다. 적도 많다.,
장판이 넓어지고 오래 간다. 완전군장은 원래 안 끝난다.,장판이 넓어지고 오래 간다. 완전군장은 원래 안 끝난다.,
재사용 대기시간 -7%,재사용 대기시간 -7%,
재입대,재입대,
저사양 프리셋,저사양 프리셋,
적 %d / %d   시뮬 %.2fms   버퍼 %.2fms,적 %d / %d   시뮬 %.2fms   버퍼 %.2fms,
적금 만기,적금 만기,
적을 통째로 빨아들인다. 잔반은 남기지 않는다.,적을 통째로 빨아들인다. 잔반은 남기지 않는다.,
전 역 연 기,전 역 연 기,
전 역 증,전 역 증,
전 적 5초 정지. 그동안은 아무도 움직이면 안 된다.,전 적 5초 정지. 그동안은 아무도 움직이면 안 된다.,
전방위 광역. 삽이 커지면 이렇게 된다.,전방위 광역. 삽이 커지면 이렇게 된다.,
전역 연기 통보서,전역 연기 통보서,
전역까지 D-100,전역까지 D-100,
전역증,전역증,
전투화,전투화,
제설 유공,제설 유공,
조건 %d%%,조건 %d%%,
조건 — %s,조건 — %s,
조건 — %s (%d%%),조건 — %s (%d%%),
주기적으로 회복 오브 생성,주기적으로 회복 오브 생성,
주기적으로 회복 오브를 떨군다. 부르면 온다.,주기적으로 회복 오브를 떨군다. 부르면 온다.,
주변 상시 회전 판정,주변 상시 회전 판정,
주변을 상시로 갈아버린다. 제초 작업은 끝이 없다.,주변을 상시로 갈아버린다. 제초 작업은 끝이 없다.,
지나온 자리마다 발자국이 남는다. 밟은 놈이 알아서 아프다.,지나온 자리마다 발자국이 남는다. 밟은 놈이 알아서 아프다.,
지나온 자리에 발자국 장판,지나온 자리에 발자국 장판,
직업군인. K-2식 소총으로 시작한다.,직업군인. K-2식 소총으로 시작한다.,
직업군인. 전역해 본 사람만 고를 수 있다.,직업군인. 전역해 본 사람만 고를 수 있다.,
진화! %s,진화! %s,
짬통,짬통,
짬통으로 시작한다. 짬은 원래 취사병 관할이다.,짬통으로 시작한다. 짬은 원래 취사병 관할이다.,
찰떡파이,찰떡파이,
찰떡파이 비축,찰떡파이 비축,
창고박스,창고박스,
처치 %d,처치 %d,
처치 0,처치 0,
첫 판을 끝까지 마쳤다. 여기서부터가 시작이다.,첫 판을 끝까지 마쳤다. 여기서부터가 시작이다.,
청소 유공,청소 유공,
초시계,초시계,
"최대 체력 +15, 초당 0.35 회복","최대 체력 +15, 초당 0.35 회복",
최상병,최상병,
출     두,출     두,
출  두,출  두,
출  두  신  고,출  두  신  고,
취사병,취사병,
커피믹스,커피믹스,
탄띠,탄띠,
통신병,통신병,
퇴     소,퇴     소,
투사체 +1발,투사체 +1발,
트랙터,트랙터,
페인트통,페인트통,
포물선 투척 폭발,포물선 투척 폭발,
표     창     장,표     창     장,
표  창  장,표  창  장,
표창장 발급 — %s,표창장 발급 — %s,
픽업 %d,픽업 %d,
하루를 기록하면 배우는 게 있다. 짬이 더 쌓인다.,하루를 기록하면 배우는 게 있다. 짬이 더 쌓인다.,
하사,하사,
한 겹 더 껴입는다. 받는 피해가 줄어든다.,한 겹 더 껴입는다. 받는 피해가 줄어든다.,
한 잔이면 버틴다. 초당 체력이 조금씩 찬다.,한 잔이면 버틴다. 초당 체력이 조금씩 찬다.,
한 판에서 10분을 버텼다. D-50.,한 판에서 10분을 버텼다. D-50.,
한 판에서 51진급. 화면이 노랗게 물든다.,한 판에서 51진급. 화면이 노랗게 물든다.,
해금 — %s,해금 — %s,
행군화,행군화,
행보관,행보관,
행운 +1 (크리티컬 확률 상승),행운 +1 (크리티컬 확률 상승),
행운의 부적,행운의 부적,
현재 %s,현재 %s,
혹한기 설원,혹한기 설원,
화면 전체 스턴 + 넉백,화면 전체 스턴 + 넉백,
화면 전체를 흔들어 세운다. 아침은 원래 그렇다.,화면 전체를 흔들어 세운다. 아침은 원래 그렇다.,
화면 흔들림 강도,화면 흔들림 강도,
화생방 마스크,화생방 마스크,
훈  련  장,훈  련  장,
휴가증,휴가증,
히트스톱,히트스톱,
